IRI,UCUM1,UCUM2
http://qudt.org/vocab/unit/MicroSEC,us,
http://qudt.org/vocab/unit/MicroA,uA,
http://qudt.org/vocab/unit/PicoA,pA,
http://qudt.org/vocab/unit/T,T,
http://qudt.org/vocab/unit/DAY,d,
http://qudt.org/vocab/unit/GRAY,Gy,
http://qudt.org/vocab/unit/KiloGM-PER-HA,kg.har-1,kg/har
http://qudt.org/vocab/unit/MegaHZ,MHz,
http://qudt.org/vocab/unit/L,l,L
http://qudt.org/vocab/unit/BQ,Bq,
http://qudt.org/vocab/unit/FATH,[fth_i],
http://qudt.org/vocab/unit/FUR,[fur_us],
http://qudt.org/vocab/unit/KAT,kat,
http://qudt.org/vocab/unit/NanoSEC,ns,
http://qudt.org/vocab/unit/IN,[in_i],
http://qudt.org/vocab/unit/MilliGM-PER-L,mg/L,mg.L-1
http://qudt.org/vocab/unit/CentiM,cm,
http://qudt.org/vocab/unit/GM-PER-CentiM3,g.cm-3,g/cm3
http://qudt.org/vocab/unit/KiloGM-PER-M3,kg/m3,kg.m-3
http://qudt.org/vocab/unit/RAD,rad,
http://qudt.org/vocab/unit/MilliGM-PER-M2,mg/m2,mg.m-2
http://qudt.org/vocab/unit/SR,sr,
http://qudt.org/vocab/unit/U,u,
http://qudt.org/vocab/unit/POISE,P,
http://qudt.org/vocab/unit/KiloM-PER-HR,km/h,km.h-1
http://qudt.org/vocab/unit/LUX,lx,
http://qudt.org/vocab/unit/CFU,[CFU],
http://qudt.org/vocab/unit/PA-SEC,Pa.s,
http://qudt.org/vocab/unit/S,S,
http://qudt.org/vocab/unit/GM-PER-L,g.L-1,
http://qudt.org/vocab/unit/KiloGM-PER-M,kg/m,kg.m-1
http://qudt.org/vocab/unit/K,K,
http://qudt.org/vocab/unit/MicroGM,ug,
http://qudt.org/vocab/unit/WK,wk,
http://qudt.org/vocab/unit/MilliSEC,ms,
http://qudt.org/vocab/unit/DEG,deg,
http://qudt.org/vocab/unit/C,C,
http://qudt.org/vocab/unit/GigaBYTE,GBy,
http://qudt.org/vocab/unit/W-PER-SR,W.sr-1,
http://qudt.org/vocab/unit/KiloGM-PER-M2,kg/m2,kg.m-2
http://qudt.org/vocab/unit/WB,Wb,
http://qudt.org/vocab/unit/DEG_F,[degF],
http://qudt.org/vocab/unit/MO,mo,
http://qudt.org/vocab/unit/REM,REM,
http://qudt.org/vocab/unit/LM,lm,
http://qudt.org/vocab/unit/LB,[lb_av],
http://qudt.org/vocab/unit/MilliM2,mm2,
http://qudt.org/vocab/unit/R,R,
http://qudt.org/vocab/unit/PPM,[ppm],
http://qudt.org/vocab/unit/KiloV,kV,
http://qudt.org/vocab/unit/PicoSEC,ps,
http://qudt.org/vocab/unit/RAD-PER-SEC,rad.s-1,rad/s
http://qudt.org/vocab/unit/J,J,
http://qudt.org/vocab/unit/PPTR,[pptr],
http://qudt.org/vocab/unit/KiloGM-PER-L,kg/L,kg.L-1
http://qudt.org/vocab/unit/MilliM,mm,
http://qudt.org/vocab/unit/M3,m3,
http://qudt.org/vocab/unit/Ci,Ci,
http://qudt.org/vocab/unit/CH,[ch_br],
http://qudt.org/vocab/unit/MI_N,[nmi_i],
http://qudt.org/vocab/unit/GM-PER-MOL,g.mol-1,
http://qudt.org/vocab/unit/HR,h,
http://qudt.org/vocab/unit/TON_LONG,[lton_av],
http://qudt.org/vocab/unit/KiloGM-M-PER-SEC,kg.m.s-1,kg.m/s
http://qudt.org/vocab/unit/L-PER-KiloGM,L/kg,L.kg-1
http://qudt.org/vocab/unit/MilliV,mV,
http://qudt.org/vocab/unit/MilliCi,mCi,
http://qudt.org/vocab/unit/TSP,[tsp_us],
http://qudt.org/vocab/unit/MilliL-PER-M3,mL/m3,mL.m-3
http://qudt.org/vocab/unit/V-PER-M,V.m-1,
http://qudt.org/vocab/unit/Stone_UK,[stone_av],
http://qudt.org/vocab/unit/CentiM3-PER-MOL,cm3.mol-1,cm3/mol
http://qudt.org/vocab/unit/EV,eV,
http://qudt.org/vocab/unit/RAD_R,RAD,
http://qudt.org/vocab/unit/A,A,
http://qudt.org/vocab/unit/TeraBYTE,TBy,
http://qudt.org/vocab/unit/YD,[yd_i],
http://qudt.org/vocab/unit/MilliL-PER-KiloGM,mL.kg-1,mL/kg
http://qudt.org/vocab/unit/MIN,min,
http://qudt.org/vocab/unit/KiloGM,kg,
http://qudt.org/vocab/unit/MilliGM-PER-KiloGM,mg.kg-1,mg/kg
http://qudt.org/vocab/unit/DeciM3,dm3,
http://qudt.org/vocab/unit/PH,[pH],
http://qudt.org/vocab/unit/MilliGM,mg,
http://qudt.org/vocab/unit/DeciL,dL,
http://qudt.org/vocab/unit/MilliS,mS,
http://qudt.org/vocab/unit/YR,a,
http://qudt.org/vocab/unit/M3-PER-KiloGM,m3/kg,m3.kg-1
http://qudt.org/vocab/unit/N-PER-M,N/m,N.m-1
http://qudt.org/vocab/unit/PSI,[psi],
http://qudt.org/vocab/unit/MicroCi,uCi,
http://qudt.org/vocab/unit/MicroM,um,
http://qudt.org/vocab/unit/CentiM3,cm3,
http://qudt.org/vocab/unit/TBSP,[tbs_us],
http://qudt.org/vocab/unit/W-PER-M2,W.m-2,W/m2
http://qudt.org/vocab/unit/MilliMOL,mmol,
http://qudt.org/vocab/unit/AMU,u,
http://qudt.org/vocab/unit/MicroV,uV,
http://qudt.org/vocab/unit/PicoM,pm,
http://qudt.org/vocab/unit/MicroMOL,umol,
http://qudt.org/vocab/unit/MHO,mho,
http://qudt.org/vocab/unit/Da,u,
http://qudt.org/vocab/unit/NanoM,nm,
http://qudt.org/vocab/unit/KiloGM-PER-MOL,kg.mol-1,kg/mol
http://qudt.org/vocab/unit/PPTH,[ppth],
http://qudt.org/vocab/unit/SV,Sv,
http://qudt.org/vocab/unit/GM-PER-M2,g.m-2,g/m2
http://qudt.org/vocab/unit/MicroGRAY,uGy,
http://qudt.org/vocab/unit/CD-PER-M2,cd.m-2,cd/m2
http://qudt.org/vocab/unit/HA,har,
http://qudt.org/vocab/unit/GM-PER-MilliL,g.mL-1,
http://qudt.org/vocab/unit/MilliSV,mSv,
http://qudt.org/vocab/unit/W-PER-M-K,W.m-1.K-1,
http://qudt.org/vocab/unit/DPI,{dot}/[in_i],
http://qudt.org/vocab/unit/HZ,Hz,
http://qudt.org/vocab/unit/PA,Pa,
http://qudt.org/vocab/unit/MilliL,mL,
http://qudt.org/vocab/unit/M2,m2,
http://qudt.org/vocab/unit/MOL,mol,
http://qudt.org/vocab/unit/CentiM2,cm2,
http://qudt.org/vocab/unit/AC,[acr_br],
http://qudt.org/vocab/unit/PicoGM,pg,
http://qudt.org/vocab/unit/BYTE,By,
http://qudt.org/vocab/unit/MilliL-PER-L,mL/L,mL.L-1
http://qudt.org/vocab/unit/N,N,
http://qudt.org/vocab/unit/MilliM-PER-DAY,mm.d-1,mm/d
http://qudt.org/vocab/unit/M3-PER-MOL,m3.mol-1,m3/mol
http://qudt.org/vocab/unit/MicroSV,uSv,
http://qudt.org/vocab/unit/MilliGRAY,mGy,
http://qudt.org/vocab/unit/GRAIN,[gr],
http://qudt.org/vocab/unit/DeciB,dB,
http://qudt.org/vocab/unit/DEG_C,Cel,
http://qudt.org/vocab/unit/BIT,bit,
http://qudt.org/vocab/unit/MilliA,mA,
http://qudt.org/vocab/unit/KiloCAL,kcal,
http://qudt.org/vocab/unit/CD,cd,
http://qudt.org/vocab/unit/W,W,
http://qudt.org/vocab/unit/MicroGM-PER-L,ug/L,ug.L-1
http://qudt.org/vocab/unit/ANGSTROM,Ao,
http://qudt.org/vocab/unit/M,m,
http://qudt.org/vocab/unit/SEC,s,
http://qudt.org/vocab/unit/FT,[ft_i],
http://qudt.org/vocab/unit/MicroL,uL,
http://qudt.org/vocab/unit/MicroM2,um2,
http://qudt.org/vocab/unit/GM,g,
http://qudt.org/vocab/unit/M-PER-SEC,m.s-1,m/s
http://qudt.org/vocab/unit/PERCENT,%,
http://qudt.org/vocab/unit/MegaV,MV,
http://qudt.org/vocab/unit/NanoGM,ng,
http://qudt.org/vocab/unit/PPB,[ppb],
http://qudt.org/vocab/unit/V,V,